{
    "name": "my9291",
    "keywords": "my9291,led",
    "description": "MY9291 LED driver library for Arduino ESP8266",
    "repository": {
        "type": "git",
        "url": "https://github.com/xoseperez/my9291.git"
    },
    "version": "2.0.0",
    "license": "GPL-3.0",
    "frameworks": "arduino",
    "platforms": "espressif8266",
    "dependencies": [
    ],
    "authors": {
        "name": "Xose Perez",
        "email": "xose.perez@gmail.com",
        "url": "http://tinkerman.cat",
        "maintainer": true
    },
    "examples": [
        "examples/*/*.cpp"
    ]
}
